 segment_id,start_time_seconds,end_time_seconds
aANx5lIAkeI_150000,9.156,10.0
zl_8NDANRbY_0,3.303,8.157
K0NX5GmC2M0_110000,2.266,6.415
K0NX5GmC2M0_110000,7.644,9.68
DMXZ31lpI3Y_0,2.43,4.496
DMXZ31lpI3Y_0,6.22,8.385
1YYhDn819qM_340000,7.161,7.484
gwWfVEvOPhk_510000,0.03,0.704
gwWfVEvOPhk_510000,1.825,2.101
gwWfVEvOPhk_510000,3.677,3.97
gwWfVEvOPhk_510000,4.36,4.579
gwWfVEvOPhk_510000,5.383,5.692
gwWfVEvOPhk_510000,6.098,6.39
gwWfVEvOPhk_510000,6.732,10.0
c9OnubhhvZY_0,1.91,2.429
c9OnubhhvZY_0,2.983,5.592
c9OnubhhvZY_0,6.986,8.639
3BbjWM5htKY_260000,4.047,5.543
3BbjWM5htKY_260000,5.961,7.457
3BbjWM5htKY_260000,8.48,9.433
RXPHkrxBE8M_40000,5.367,8.616
PKEhOxE-Ovs_130000,0.417,2.669
PKEhOxE-Ovs_130000,5.843,9.15
I57XQS1aN6s_30000,0.768,6.461
gAZapNkFX-Q_29000,0.0,2.197
Lc3dw7qVRZE_360000,1.5,6.472
Lc3dw7qVRZE_360000,6.983,10.0
Ay69HNc7nyQ_11000,0.0,6.33
rlnY_yrBX_8_210000,0.526,1.268
rlnY_yrBX_8_210000,1.488,2.045
-Th_4dhrDaM_9000,4.228,6.798
CbwhFdAKzTQ_10000,1.121,2.862
CbwhFdAKzTQ_10000,5.969,7.207
GCvuGb_MtC8_80000,4.568,5.55
GCvuGb_MtC8_80000,5.75,6.995
8XalIJP9taw_0,4.904,10.0
kn0FT7Msebc_10000,0.656,1.885
kn0FT7Msebc_10000,3.296,10.0
lcBelXHMI40_20000,0.233,1.445
lcBelXHMI40_20000,1.701,3.725
E_xyG1m1GIM_130000,0.439,2.749
E_xyG1m1GIM_130000,3.365,3.703
E_xyG1m1GIM_130000,6.56,9.609
Ux5hHB0Mz0M_110000,5.282,6.855
1BSOODa1_58_480000,0.186,0.71
1BSOODa1_58_480000,1.234,4.82
1BSOODa1_58_480000,5.355,6.17
1BSOODa1_58_480000,6.321,7.334
1BSOODa1_58_480000,7.486,9.197
1BSOODa1_58_480000,9.43,10.0
0pVe2oKebWI_240000,0.251,1.887
0pVe2oKebWI_240000,2.093,2.684
0pVe2oKebWI_240000,2.835,3.598
0pVe2oKebWI_240000,3.756,5.103
0pVe2oKebWI_240000,5.282,6.505
0pVe2oKebWI_240000,6.67,10.0
w6tjCd5sFX0_10000,1.14,1.626
w6tjCd5sFX0_10000,1.754,5.032
w6tjCd5sFX0_10000,5.915,6.479
w6tjCd5sFX0_10000,6.697,7.401
w6tjCd5sFX0_10000,8.182,9.731
d3Qa52sNxzA_60000,7.945,9.039
WlQV-e1c1Xo_0,4.515,5.26
ZL-c-0D_LIk_310000,0.196,2.272
T90QKR6gaPU_110000,0.405,1.912
T90QKR6gaPU_110000,3.614,4.526
T90QKR6gaPU_110000,5.937,6.961
odMuGQyhwJY_80000,9.476,10.0
Nmw__dmj8oQ_150000,1.272,2.105
Nmw__dmj8oQ_150000,4.725,6.027
Nmw__dmj8oQ_150000,6.102,7.311
Nmw__dmj8oQ_150000,7.374,7.895
Nmw__dmj8oQ_150000,7.958,9.104
Nmw__dmj8oQ_150000,9.173,9.653
Nmw__dmj8oQ_150000,9.728,10.0
WDw78Cc-Zbk_30000,8.254,10.0
B-hjLsC30Tc_40000,0.0,2.693
B-hjLsC30Tc_40000,2.819,3.362
B-hjLsC30Tc_40000,4.26,4.488
B-hjLsC30Tc_40000,5.85,7.37
B-hjLsC30Tc_40000,7.724,8.071
TMBhHjxwm_Q_590000,1.378,2.302
TMBhHjxwm_Q_590000,2.495,3.489
TMBhHjxwm_Q_590000,3.938,5.118
TMBhHjxwm_Q_590000,5.58,6.14
TMBhHjxwm_Q_590000,6.795,7.361
TMBhHjxwm_Q_590000,7.541,7.934
y93cZqNCtks_470000,0.126,1.983
y93cZqNCtks_470000,6.662,8.142
KiHrPn5ojy4_500000,2.847,8.502
sTV-djV7AZY_9000,0.58,0.847
sTV-djV7AZY_9000,1.091,2.077
sTV-djV7AZY_9000,2.471,2.749
sTV-djV7AZY_9000,3.04,3.283
sTV-djV7AZY_9000,3.759,3.991
sTV-djV7AZY_9000,4.142,4.443
sTV-djV7AZY_9000,5.29,5.51
sTV-djV7AZY_9000,5.812,6.787
sTV-djV7AZY_9000,7.181,7.459
sTV-djV7AZY_9000,7.738,7.993
sTV-djV7AZY_9000,8.48,8.724
sTV-djV7AZY_9000,8.863,9.153
3bghjgcp4VA_19000,8.363,9.42
ZyyHdr3zzCE_400000,7.48,10.0
gJGAKI8uzMA_290000,0.0,0.773
gJGAKI8uzMA_290000,1.516,2.567
gJGAKI8uzMA_290000,3.309,3.736
rg6ax4nPgBg_30000,4.827,5.63
Vl4nVAEXEVw_50000,1.613,1.946
Vl4nVAEXEVw_50000,2.19,3.496
Vl4nVAEXEVw_50000,3.624,3.982
Vl4nVAEXEVw_50000,4.097,4.507
Vl4nVAEXEVw_50000,6.312,6.645
Vl4nVAEXEVw_50000,6.863,7.362
Vl4nVAEXEVw_50000,8.809,9.232
Vl4nVAEXEVw_50000,9.36,10.0
SawEw7asDzo_310000,2.483,4.056
SawEw7asDzo_310000,8.999,9.827
pOymTBEyJcM_20000,4.354,10.0
_TXZppFLP10_140000,0.0,3.612
_TXZppFLP10_140000,5.494,5.905
_TXZppFLP10_140000,6.754,8.228
oLpEEokyo-M_210000,0.0,0.474
oLpEEokyo-M_210000,1.626,2.254
oLpEEokyo-M_210000,2.958,3.828
_a9a8CblH1E_10000,2.937,5.253
gyCqs23KZWg_0,7.827,10.0
LAy1ro3mbss_10000,3.039,4.181
LAy1ro3mbss_10000,5.906,8.165
IvuZXN2S7Ug_40000,7.751,9.441
KfAWJOxtUyA_0,4.168,5.962
u0ZIg19CD-E_100000,3.91,5.982
4lHEFcLCqmc_430000,6.929,8.874
AFui8hHj8cY_30000,0.0,4.408
AFui8hHj8cY_30000,4.579,7.235
GX2ydfWcpbg_290000,8.992,9.583
JwSxWDruByw_530000,3.474,6.171
JiFXc2xUQhQ_340000,8.307,9.331
JZOdYVYtLzU_30000,0.0,6.943
JZOdYVYtLzU_30000,7.991,8.698
JZOdYVYtLzU_30000,9.445,10.0
rv2NPBR5m4g_150000,1.585,4.0
rv2NPBR5m4g_150000,8.947,9.43
rv2NPBR5m4g_150000,9.575,10.0
v50N1rFiTxc_310000,1.17,2.867
pxlv8zdFw8Y_30000,2.19,3.717
opnG6qoVYzM_30000,0.0,4.283
EBC4O9aoyLA_460000,1.475,2.077
EBC4O9aoyLA_460000,7.412,8.555
EBC4O9aoyLA_460000,9.368,10.0
-TyaOHEL30U_17000,0.639,1.531
-TyaOHEL30U_17000,2.964,3.856
-TyaOHEL30U_17000,5.275,6.133
-TyaOHEL30U_17000,7.553,8.424
TADpR8ietdg_450000,2.637,3.937
TADpR8ietdg_450000,4.23,5.424
YUpPArx5GvI_50000,5.47,7.141
sNMmk5SUyqM_260000,5.535,6.441
eRPfo95iX9g_30000,5.528,10.0
6k6H_mOe_bA_25000,3.31,3.948
edX2QDPRndg_10000,0.262,1.324
edX2QDPRndg_10000,4.646,5.885
edX2QDPRndg_10000,7.252,8.102
TCixw1bQFtg_30000,2.705,3.866
ZVuCcF6_6_4_0,0.835,5.401
ADzwXNxY06Q_30000,0.015,0.534
ADzwXNxY06Q_30000,0.73,1.099
ADzwXNxY06Q_30000,1.272,1.648
ADzwXNxY06Q_30000,1.956,3.055
ADzwXNxY06Q_30000,3.348,3.92
ADzwXNxY06Q_30000,5.764,8.766
j2F95Nv84hg_290000,5.134,7.241
j2F95Nv84hg_290000,8.929,10.0
ppJavoq33-s_100000,0.0,0.112
ppJavoq33-s_100000,1.289,1.857
ppJavoq33-s_100000,2.365,2.71
ppJavoq33-s_100000,3.217,3.603
ppJavoq33-s_100000,4.171,4.388
ppJavoq33-s_100000,4.571,4.699
ppJavoq33-s_100000,4.963,5.322
ppJavoq33-s_100000,5.511,5.653
ppJavoq33-s_100000,5.748,6.073
ppJavoq33-s_100000,6.357,6.932
ppJavoq33-s_100000,7.534,7.636
ppJavoq33-s_100000,7.839,7.988
ppJavoq33-s_100000,8.333,8.59
ppJavoq33-s_100000,9.503,9.666
gaKFdqwdDWI_180000,1.409,4.315
AfymIcLvzG0_17000,2.6,2.836
AfymIcLvzG0_17000,2.947,3.379
AfymIcLvzG0_17000,3.915,4.425
AfymIcLvzG0_17000,5.007,5.38
AfymIcLvzG0_17000,5.517,5.74
AfymIcLvzG0_17000,6.361,6.701
AfymIcLvzG0_17000,7.264,7.427
F95BJzq78Es_30000,0.0,0.375
F95BJzq78Es_30000,1.206,1.467
F95BJzq78Es_30000,1.674,4.457
F95BJzq78Es_30000,6.973,10.0
EF6tf-DDVdQ_360000,6.536,7.682
EF6tf-DDVdQ_360000,7.961,8.994
EF6tf-DDVdQ_360000,9.246,10.0
nUILA4SoVvc_0,5.791,7.461
WC86DJh5uIM_100000,1.441,3.441
WC86DJh5uIM_100000,3.717,7.441
WC86DJh5uIM_100000,7.567,7.992
WC86DJh5uIM_100000,8.512,9.063
oX0rj4AMFsw_100000,0.0,3.356
U401_Khb3wM_10000,1.015,2.271
U401_Khb3wM_10000,5.13,7.121
U401_Khb3wM_10000,7.266,10.0
tKjIGIIhlpk_200000,0.768,4.409
tKjIGIIhlpk_200000,5.696,6.471
tKjIGIIhlpk_200000,7.878,9.285
Bpao4M5dNsU_12000,0.0,0.975
Bpao4M5dNsU_12000,1.121,2.244
Bpao4M5dNsU_12000,2.78,3.183
Bpao4M5dNsU_12000,3.361,4.75
Bpao4M5dNsU_12000,4.961,6.27
Bpao4M5dNsU_12000,6.647,8.769
cbbXtPiRZYk_380000,0.845,1.562
cbbXtPiRZYk_380000,4.994,5.519
cbbXtPiRZYk_380000,7.375,8.476
cbbXtPiRZYk_380000,9.526,10.0
5MnEiqiQruw_10000,1.956,3.318
5MnEiqiQruw_10000,3.92,4.778
5MnEiqiQruw_10000,5.011,6.253
5MnEiqiQruw_10000,6.509,10.0
AFU8KgRLOEg_520000,1.37,2.305
AFU8KgRLOEg_520000,3.009,3.303
qgSBGi-ULbw_20000,0.0,0.221
qgSBGi-ULbw_20000,0.704,3.662
qgSBGi-ULbw_20000,4.082,5.467
qgSBGi-ULbw_20000,5.932,7.299
qgSBGi-ULbw_20000,7.826,10.0
uGE84q7SwPA_10000,1.533,3.312
9_GkIqp37rw_260000,0.0,10.0
60aIwtWUb6s_140000,4.942,5.429
60aIwtWUb6s_140000,5.634,7.657
60aIwtWUb6s_140000,7.875,8.374
60aIwtWUb6s_140000,9.373,9.859
Pi4kR4zoTUA_30000,0.0,3.416
Pi4kR4zoTUA_30000,4.823,7.005
Pi4kR4zoTUA_30000,7.6,10.0
OWK-G6AYFxg_20000,4.217,10.0
b1Ov6_QsBAE_20000,0.0,1.622
b1Ov6_QsBAE_20000,2.687,4.126
Sv_3rfV1i8I_30000,0.0,0.464
Sv_3rfV1i8I_30000,2.031,3.392
Sv_3rfV1i8I_30000,7.509,7.928
Sv_3rfV1i8I_30000,8.114,8.588
xhYtzUU-Bgw_20000,0.0,4.868
hiXX9qloD3o_450000,0.376,1.294
hiXX9qloD3o_450000,1.701,3.95
sA73ScSPS30_0,0.142,2.007
2n4ZTukCKPs_100000,8.118,9.551
So0rqufp4ac_30000,0.0,0.437
So0rqufp4ac_30000,2.67,6.237
dUNuZjw8hYY_40000,0.315,0.906
dUNuZjw8hYY_40000,5.496,6.031
dUNuZjw8hYY_40000,9.047,10.0
ijeB_QvUQiA_400000,0.0,0.458
ijeB_QvUQiA_400000,0.995,1.615
ijeB_QvUQiA_400000,2.669,3.227
ijeB_QvUQiA_400000,3.564,3.75
ijeB_QvUQiA_400000,3.929,5.458
ijeB_QvUQiA_400000,5.644,6.312
ijeB_QvUQiA_400000,6.457,6.601
ijeB_QvUQiA_400000,6.78,6.953
ijeB_QvUQiA_400000,7.139,8.619
ijeB_QvUQiA_400000,8.847,9.466
ijeB_QvUQiA_400000,9.618,10.0
cs3qCF5OkOY_0,0.582,2.06
eMkkbJgzl_4_10000,6.463,7.331
dWmv0XsnrAg_350000,0.0,0.567
1wsyT7v1BqA_230000,9.254,10.0
IPWRvzh918o_0,7.244,7.941
4sYZLSOndwg_260000,5.025,5.73
4sYZLSOndwg_260000,6.021,6.753
4sYZLSOndwg_260000,7.121,7.645
4sYZLSOndwg_260000,7.894,8.531
AGSYffZ8kQU_5000,0.0,4.711
biUJO4EOz7M_420000,0.0,1.536
biUJO4EOz7M_420000,1.807,3.855
biUJO4EOz7M_420000,7.478,9.71
GdP5UYjhd24_240000,2.369,3.496
6gMJB1CiJsM_90000,0.0,1.117
6gMJB1CiJsM_90000,2.989,4.427
6gMJB1CiJsM_90000,4.609,5.838
6gMJB1CiJsM_90000,6.718,8.087
6gMJB1CiJsM_90000,8.254,9.846
EsWfl_JniCo_120000,6.633,7.119
EsWfl_JniCo_120000,8.476,9.552
6b8ZcD4pmwg_30000,5.611,6.618
6b8ZcD4pmwg_30000,9.429,10.0
sr6a7l3sbsM_0,3.489,6.331
hz6MX7thu2o_360000,4.01,6.493
okXKlLF2lh0_230000,1.0,1.598
okXKlLF2lh0_230000,2.546,3.021
okXKlLF2lh0_230000,3.619,4.01
okXKlLF2lh0_230000,5.351,5.598
okXKlLF2lh0_230000,6.546,7.433
okXKlLF2lh0_230000,7.722,8.155
okXKlLF2lh0_230000,8.299,10.0
4T2sS5ipPO8_270000,2.937,7.299
6KEOlXbAYi4_180000,8.787,9.598
JfQZeAIHg3s_70000,5.133,7.364
JfQZeAIHg3s_70000,8.756,10.0
v2aKIpat9Pg_70000,1.264,3.187
v2aKIpat9Pg_70000,9.093,10.0
xhdTIGF3b7M_0,3.537,8.239
2A9lNw7Ma74_320000,0.933,4.53
12XtIBZNw6A_190000,1.124,2.828
12XtIBZNw6A_190000,3.138,6.127
Adry2Tvb3fo_40000,4.758,10.0
_uQ0Se6bSco_10000,0.0,3.496
_uQ0Se6bSco_10000,6.394,7.26
_uQ0Se6bSco_10000,7.748,8.921
x6_ehkYq9YE_20000,0.0,1.933
dEm40QLI3KI_80000,0.0,1.649
dEm40QLI3KI_80000,2.21,3.288
dEm40QLI3KI_80000,4.755,7.389
dEm40QLI3KI_80000,8.185,9.845
uCJ7RfmiBWA_20000,4.801,5.417
M0VLutNReCE_0,0.261,0.385
M0VLutNReCE_0,0.749,0.935
M0VLutNReCE_0,1.059,1.622
M0VLutNReCE_0,1.78,2.055
M0VLutNReCE_0,3.038,3.285
M0VLutNReCE_0,3.42,3.705
M0VLutNReCE_0,3.945,4.069
M0VLutNReCE_0,4.193,4.296
M0VLutNReCE_0,4.426,4.564
M0VLutNReCE_0,4.811,5.017
M0VLutNReCE_0,5.162,5.56
M0VLutNReCE_0,5.76,5.87
M0VLutNReCE_0,6.028,6.491
M0VLutNReCE_0,6.612,6.767
M0VLutNReCE_0,6.914,7.004
M0VLutNReCE_0,7.141,7.628
M0VLutNReCE_0,7.758,7.864
M0VLutNReCE_0,8.018,8.115
M0VLutNReCE_0,8.278,8.895
M0VLutNReCE_0,9.196,9.326
M0VLutNReCE_0,9.448,9.716
M0VLutNReCE_0,9.846,10.0
2_jdPTfbngs_30000,5.19,5.986
bPfR4zrYMq0_120000,1.869,2.446
bPfR4zrYMq0_120000,2.612,3.227
bPfR4zrYMq0_120000,4.225,4.533
bPfR4zrYMq0_120000,5.851,6.172
bPfR4zrYMq0_120000,6.556,7.055
cec5b9fU4xs_30000,0.315,0.799
cec5b9fU4xs_30000,1.85,2.044
cec5b9fU4xs_30000,2.562,4.409
GxOlz21i_DM_50000,1.317,2.498
GxOlz21i_DM_50000,4.906,5.719
Cll2-tYW9XQ_90000,5.978,7.514
OOckkZchwog_30000,0.0,3.976
OOckkZchwog_30000,4.992,5.52
OOckkZchwog_30000,6.252,7.37
OOckkZchwog_30000,8.787,10.0
LX31v6o2MNU_30000,4.388,7.887
LX31v6o2MNU_30000,7.97,10.0
jvIhaWOgWw0_100000,0.0,0.582
jvIhaWOgWw0_100000,1.492,2.41
jvIhaWOgWw0_100000,3.417,4.23
jvIhaWOgWw0_100000,5.164,5.944
jvIhaWOgWw0_100000,8.121,8.421
Y_ZH-0escQk_580000,0.072,1.289
Y_ZH-0escQk_580000,2.526,6.973
hn19QROOGAg_140000,0.87,1.887
hn19QROOGAg_140000,2.196,2.918
hn19QROOGAg_140000,3.818,5.076
hn19QROOGAg_140000,5.261,6.407
hn19QROOGAg_140000,7.165,9.529
RXG2upLToOU_350000,0.0,0.501
RXG2upLToOU_350000,0.78,4.773
RXG2upLToOU_350000,5.763,7.323
a-K6vaAmUlc_140000,0.0,2.024
PdxCqwVo31E_90000,0.0,0.667
PdxCqwVo31E_90000,1.46,3.537
PdxCqwVo31E_90000,4.733,6.29
PdxCqwVo31E_90000,8.322,10.0
CShqxfgsCxE_130000,3.24,6.546
qhwEfJP_L8E_30000,0.347,0.818
qhwEfJP_L8E_30000,2.8,3.304
qhwEfJP_L8E_30000,4.197,4.741
qhwEfJP_L8E_30000,5.586,5.919
qhwEfJP_L8E_30000,6.943,7.471
qhwEfJP_L8E_30000,8.446,8.876
FU9UkaO3rHE_60000,3.71,4.278
FU9UkaO3rHE_60000,4.457,4.896
FU9UkaO3rHE_60000,5.066,5.424
FU9UkaO3rHE_60000,5.578,6.139
FU9UkaO3rHE_60000,6.342,7.219
FU9UkaO3rHE_60000,7.349,7.828
FU9UkaO3rHE_60000,7.983,8.673
-MgaFLJT5GM_30000,9.589,10.0
VBds8Fol-sc_30000,4.315,10.0
YiiEJkc0cvQ_0,3.535,6.174
sDlcfaTdftM_60000,1.091,2.077
sDlcfaTdftM_60000,4.733,5.914
h5gtwyez9HY_70000,0.0,2.004
h5gtwyez9HY_70000,3.653,4.416
h5gtwyez9HY_70000,6.835,7.921
M8G6i3TEXd8_200000,2.792,3.905
RUb0w_YpLfI_250000,0.0,3.581
RUb0w_YpLfI_250000,4.756,5.086
RUb0w_YpLfI_250000,5.285,5.574
RUb0w_YpLfI_250000,5.705,9.313
cMny2DpwaUM_23000,0.0,1.822
MhNrFzSEzZs_30000,0.282,1.396
MhNrFzSEzZs_30000,1.741,4.75
MhNrFzSEzZs_30000,4.891,6.3
MhNrFzSEzZs_30000,6.492,6.773
MhNrFzSEzZs_30000,6.991,7.273
MhNrFzSEzZs_30000,7.401,7.849
MhNrFzSEzZs_30000,7.964,8.297
BVl27EPiT_k_70000,2.971,5.403
BVl27EPiT_k_70000,5.621,6.095
BVl27EPiT_k_70000,6.645,7.81
BVl27EPiT_k_70000,7.99,8.271
BVl27EPiT_k_70000,8.54,8.822
BVl27EPiT_k_70000,8.912,9.04
uWdi1Coffp8_20000,0.117,0.978
uWdi1Coffp8_20000,1.316,2.41
RzDoErCtah4_390000,9.055,9.653
jwbQ60-plVg_50000,6.791,8.082
PNe_NW9P0Yk_14000,1.687,2.323
PNe_NW9P0Yk_14000,3.346,4.074
PNe_NW9P0Yk_14000,5.577,6.749
AgcttXo2o28_400000,0.0,1.294
AgcttXo2o28_400000,2.197,3.943
AgcttXo2o28_400000,5.801,6.817
AgcttXo2o28_400000,7.028,8.059
AgcttXo2o28_400000,8.397,10.0
j3BACP6tkuE_350000,0.0,0.606
j3BACP6tkuE_350000,1.496,2.228
j3BACP6tkuE_350000,2.724,5.079
j3BACP6tkuE_350000,7.614,7.992
mxMIDuJXNUo_90000,0.0,10.0
dDpI2GPopWo_60000,4.709,5.814
dDpI2GPopWo_60000,6.171,6.894
dDpI2GPopWo_60000,7.024,10.0
dRwsBMTX508_40000,0.0,9.286
QykQOC7w7Go_230000,2.777,4.755
QykQOC7w7Go_230000,5.124,6.215
0AGKre_70n8_140000,0.135,2.319
AUd6o65D5BU_30000,9.094,10.0
zAmi0rAWt0s_0,0.053,4.053
VhXGhS2jroQ_160000,3.961,4.843
9k9NS3TrfPc_80000,5.911,6.399
9k9NS3TrfPc_80000,6.983,7.3
9k9NS3TrfPc_80000,7.479,8.178
o8b7Q_VeqPc_590000,1.882,3.718
CqaO8lFYuM0_120000,9.803,10.0
p19i8Nu26eA_230000,0.0,1.041
p19i8Nu26eA_230000,1.433,2.031
p19i8Nu26eA_230000,2.402,9.722
fN6KEvFL5RE_50000,0.0,0.482
fN6KEvFL5RE_50000,1.294,1.806
QP4dmDqm5e4_5000,1.305,1.907
QP4dmDqm5e4_5000,1.982,2.59
QP4dmDqm5e4_5000,2.666,4.798
QP4dmDqm5e4_5000,7.525,9.473
WA49Qjw52lg_10000,0.0,10.0
AiAwMWUy-rg_70000,1.131,2.168
AiAwMWUy-rg_70000,3.904,4.734
AiAwMWUy-rg_70000,6.643,7.037
BxZDM450Nac_30000,0.0,0.428
BxZDM450Nac_30000,1.622,3.344
BxZDM450Nac_30000,3.539,4.49
BxZDM450Nac_30000,4.701,5.326
BxZDM450Nac_30000,6.691,8.316
BxZDM450Nac_30000,8.584,9.542
BxZDM450Nac_30000,9.77,10.0
UaBm-f7wxug_110000,0.707,1.813
UaBm-f7wxug_110000,2.528,3.348
UaBm-f7wxug_110000,3.491,4.319
UaBm-f7wxug_110000,4.485,5.433
UaBm-f7wxug_110000,6.652,7.479
UaBm-f7wxug_110000,9.526,10.0
gg1o62KWWjU_70000,5.768,7.035
A2hySwSo3go_110000,2.933,4.368
ZwmO3Df8FXg_500000,0.0,1.746
RnfUnOmuXF8_0,0.031,0.764
RnfUnOmuXF8_0,0.929,1.606
RnfUnOmuXF8_0,3.079,4.457
RnfUnOmuXF8_0,4.89,5.614
dbJMDsTpEGU_20000,0.071,0.639
dbJMDsTpEGU_20000,0.931,1.525
dbJMDsTpEGU_20000,1.906,2.499
dbJMDsTpEGU_20000,2.881,3.604
dbJMDsTpEGU_20000,4.002,4.611
dbJMDsTpEGU_20000,5.034,5.822
dbJMDsTpEGU_20000,6.212,6.691
dbJMDsTpEGU_20000,7.268,7.999
clApr18wR58_10000,6.643,8.349
uKIcb1TV5Xk_30000,3.076,5.364
obcIYEMbnIs_100000,5.717,10.0
IPVr78OSQII_230000,5.638,6.504
IPVr78OSQII_230000,6.976,8.291
4hClc_TmCSM_8000,1.252,4.604
Nav6YYjXtHk_430000,0.024,2.11
Nav6YYjXtHk_430000,3.78,7.543
Nav6YYjXtHk_430000,7.654,8.213
xiNceNI6kvo_110000,0.338,1.176
xiNceNI6kvo_110000,1.409,1.781
xiNceNI6kvo_110000,9.418,10.0
jaopZVhY-ns_30000,0.01,3.083
jaopZVhY-ns_30000,4.065,4.711
jaopZVhY-ns_30000,5.715,6.808
jaopZVhY-ns_30000,8.56,10.0
DEMwYYSlhVc_300000,5.748,8.606
3s7I9yEGDfw_20000,1.268,1.874
3s7I9yEGDfw_20000,2.031,3.858
3s7I9yEGDfw_20000,4.339,5.819
v-EDIHHeGsM_410000,0.0,4.673
v-EDIHHeGsM_410000,5.132,6.96
bnqsQhk2yX0_40000,8.048,8.909
0dngvMVUni4_30000,0.154,0.307
0dngvMVUni4_30000,0.573,0.978
0dngvMVUni4_30000,3.296,7.472
liFZtSEmJ-M_30000,9.341,10.0
AC36lP9-Gdg_110000,5.708,10.0
YkiWK0zMbxg_50000,2.16,4.734
Sezt02NeYXI_50000,4.921,9.646
36_u6uVGhx0_160000,1.386,2.377
36_u6uVGhx0_160000,4.701,5.854
36_u6uVGhx0_160000,6.529,7.471
KWtgkgIGP3U_290000,9.218,10.0
yB4dxXCbsm8_220000,9.134,10.0
VDlSio3vJp4_30000,0.0,1.614
VDlSio3vJp4_30000,1.841,3.312
VDlSio3vJp4_30000,3.482,4.384
VDlSio3vJp4_30000,4.676,5.846
VDlSio3vJp4_30000,6.066,7.333
VDlSio3vJp4_30000,8.21,9.128
VDlSio3vJp4_30000,9.38,10.0
RewtKTDKdnk_90000,3.627,5.079
RewtKTDKdnk_90000,5.32,6.915
RewtKTDKdnk_90000,7.156,7.953
eGfGYNBHQWA_0,0.411,1.773
eGfGYNBHQWA_0,5.579,7.054
juHUE5_Z9mE_10000,0.0,3.845
juHUE5_Z9mE_10000,5.034,8.585
ACmZepvhgrc_30000,5.952,7.186
ACmZepvhgrc_30000,8.096,10.0
xEPUrkEbFN0_250000,2.136,3.321
nUIxFU8H_nA_10000,0.0,1.502
nUIxFU8H_nA_10000,4.564,7.439
8jHRaa45kQk_130000,9.633,10.0
GFBV97rw4S0_30000,0.0,0.878
GFBV97rw4S0_30000,1.512,1.946
GFBV97rw4S0_30000,2.552,7.118
GFBV97rw4S0_30000,9.37,10.0
wnNNhtEgSWo_120000,6.074,10.0
nt-NuoAOW8c_40000,0.142,3.071
nt-NuoAOW8c_40000,6.882,9.15
z3joU8Xtrfg_270000,0.534,1.535
z3joU8Xtrfg_270000,2.009,3.085
z3joU8Xtrfg_270000,3.266,4.033
z3joU8Xtrfg_270000,4.229,4.53
z3joU8Xtrfg_270000,4.771,5.847
z3joU8Xtrfg_270000,6.659,7.035
z3joU8Xtrfg_270000,7.953,8.322
z3joU8Xtrfg_270000,9.345,9.887
84-vS1mpvLg_20000,1.952,3.044
84-vS1mpvLg_20000,4.841,5.981
84-vS1mpvLg_20000,6.077,7.256
kT2E2QExf-g_30000,0.0,10.0
KyAynZQ1_O8_40000,7.344,9.067
WBRwmEV9Cw8_240000,2.513,3.567
WBRwmEV9Cw8_240000,7.517,8.157
NxxOl-E8FGE_30000,8.89,10.0
QxMR0_gLEkE_0,6.35,9.242
XQP2LNFQcBI_340000,1.748,10.0
BTgXOUjzydw_30000,0.0,1.213
BTgXOUjzydw_30000,1.794,2.0
BTgXOUjzydw_30000,2.357,2.902
BTgXOUjzydw_30000,3.617,4.886
BTgXOUjzydw_30000,5.145,5.86
BTgXOUjzydw_30000,6.003,6.664
T6baojiKYeQ_170000,0.815,1.9
T6baojiKYeQ_170000,2.629,3.866
T6baojiKYeQ_170000,7.859,8.54
T6baojiKYeQ_170000,8.918,9.364
eBl69Ok6fIc_30000,5.197,5.923
eBl69Ok6fIc_30000,6.165,7.514
VX0jkx_BQD8_8000,0.756,5.3
fcSADnxqKjY_30000,0.0,0.299
fcSADnxqKjY_30000,3.661,4.48
fcSADnxqKjY_30000,4.866,5.78
fcSADnxqKjY_30000,8.055,9.346
bW3_XVcKxqE_130000,5.392,8.155
Tp7vVJXPs1E_30000,5.818,10.0
x5awxHElUc0_60000,0.0,2.551
x5awxHElUc0_60000,2.904,3.288
x5awxHElUc0_60000,3.476,4.936
x5awxHElUc0_60000,5.312,5.922
x5awxHElUc0_60000,6.253,7.788
xnyySbNkoMs_140000,7.024,8.425
yUZMpGwS-OI_230000,3.157,4.026
yUZMpGwS-OI_230000,4.549,5.377
vUowgkvPI3c_160000,1.352,4.347
vUowgkvPI3c_160000,6.069,7.286
BgPR09VR6VQ_170000,9.362,9.878
elvTU_c3LTQ_320000,0.88,2.666
gTuzRK3VrdA_260000,0.0,4.478
gTuzRK3VrdA_260000,5.014,5.467
gTuzRK3VrdA_260000,7.261,10.0
sN5pix3ySP8_30000,0.802,1.719
sN5pix3ySP8_30000,6.537,7.804
51i7eWAML9Y_20000,0.0,3.787
51i7eWAML9Y_20000,4.071,5.898
51i7eWAML9Y_20000,6.047,8.0
eC8nSahLrUM_30000,3.167,5.018
Xjg8RJGMznc_9000,0.0,1.943
djT7-vdjnmQ_20000,3.251,6.486
piSLZyTd8J4_10000,0.0,3.764
1PVVdpd9ic4_330000,9.268,10.0
2nATy_QDQQY_250000,0.0,0.811
2nATy_QDQQY_250000,1.088,3.009
2nATy_QDQQY_250000,3.322,4.261
2nATy_QDQQY_250000,5.44,5.842
2nATy_QDQQY_250000,6.521,10.0
AvhpQX9pLaM_0,0.638,1.381
AvhpQX9pLaM_0,1.526,2.442
AvhpQX9pLaM_0,2.637,2.984
AvhpQX9pLaM_0,3.081,3.934
AvhpQX9pLaM_0,4.121,4.51
AvhpQX9pLaM_0,4.656,6.723
AvhpQX9pLaM_0,6.862,9.034
03nvqcW4vKw_21000,1.983,3.427
03nvqcW4vKw_21000,5.138,6.576
svm3XOsuaAE_460000,3.131,4.524
usKqI2WqRQs_520000,9.199,10.0
tKBXUGfI4lA_350000,9.059,10.0
WHI47_Kk_xM_0,7.577,8.646
WHI47_Kk_xM_0,8.819,10.0
TlOdPv0C340_370000,7.001,10.0
HzddYEkZwp4_290000,5.363,5.896
HzddYEkZwp4_290000,6.165,6.67
ZoKPoGoWpug_110000,0.0,5.651
ZoKPoGoWpug_110000,6.049,9.169
3DMxZ4yWWYE_30000,7.388,8.156
3DMxZ4yWWYE_30000,8.412,9.501
3DMxZ4yWWYE_30000,9.744,10.0
EcwfO5SpFdA_60000,0.0,10.0
t6IQ7y_3q2E_290000,0.0,2.718
t6IQ7y_3q2E_290000,2.903,4.286
t6IQ7y_3q2E_290000,4.61,5.674
t6IQ7y_3q2E_290000,6.501,7.311
t6IQ7y_3q2E_290000,7.438,8.323
t6IQ7y_3q2E_290000,8.485,10.0
XtGJdOWcWWE_480000,2.695,4.958
XtGJdOWcWWE_480000,6.789,7.926
951f86QIVF4_150000,0.0,2.697
951f86QIVF4_150000,5.646,10.0
bGIPmIBc7SM_0,7.964,8.924
bGIPmIBc7SM_0,9.232,10.0
wqTCwqVRDlk_80000,1.528,2.441
wqTCwqVRDlk_80000,7.26,7.685
s4lF-5ItUx0_9000,5.941,8.035
XYX61CdZ6BI_160000,0.0,4.473
XYX61CdZ6BI_160000,4.896,5.952
XYX61CdZ6BI_160000,8.438,10.0
eARbD958OfU_210000,0.219,0.795
eARbD958OfU_210000,2.273,3.112
eARbD958OfU_210000,4.012,6.302
D-CUf_LDJCE_90000,5.091,6.952
D-CUf_LDJCE_90000,8.181,9.315
D-CUf_LDJCE_90000,9.846,10.0
aEhwBH-WW9M_0,5.444,7.143
y5gSFdSHXfo_320000,0.0,0.64
y5gSFdSHXfo_320000,0.971,2.754
y5gSFdSHXfo_320000,4.334,5.448
AEpqXTfYs9I_20000,7.057,7.73
oI48wxg01Nw_10000,0.0,0.74
DHhWMcQQWsQ_10000,0.168,0.558
DHhWMcQQWsQ_10000,1.533,2.012
DHhWMcQQWsQ_10000,3.092,3.612
DHhWMcQQWsQ_10000,4.701,5.237
_yhAPqBCWJs_190000,0.0,0.384
_yhAPqBCWJs_190000,3.13,5.831
_yhAPqBCWJs_190000,8.172,10.0
vylwE8uITqc_0,0.0,0.567
vylwE8uITqc_0,0.819,1.614
vylwE8uITqc_0,2.15,2.701
vylwE8uITqc_0,3.031,3.598
vylwE8uITqc_0,3.921,4.559
vylwE8uITqc_0,5.118,5.748
vylwE8uITqc_0,6.236,6.85
vylwE8uITqc_0,7.165,7.874
vylwE8uITqc_0,7.992,8.535
vylwE8uITqc_0,9.047,9.559
FtiCid6rfyM_30000,0.189,10.0
bOWkhocwjVs_80000,1.248,2.127
bOWkhocwjVs_80000,6.217,8.093
-7gPr2vlKkA_30000,6.3,6.684
LOPriJbfl6w_0,1.062,1.33
LOPriJbfl6w_0,1.474,2.773
LOPriJbfl6w_0,3.392,4.931
LOPriJbfl6w_0,5.206,6.705
LOPriJbfl6w_0,6.897,8.251
LOPriJbfl6w_0,8.354,9.062
LOPriJbfl6w_0,9.199,10.0
LJp--GpemMo_20000,4.75,6.953
gcDZQ3bI8jc_60000,8.885,9.894
fB327qAYx6I_20000,3.677,4.242
pZbmULWeQKM_30000,7.512,8.685
DcTYziJ_e-A_180000,1.528,5.307
VA1xTqyuZG0_470000,5.712,7.011
gTRS_7sIHbg_150000,3.13,5.42
KCclWlMNSQg_380000,4.36,5.024
KCclWlMNSQg_380000,5.419,5.737
lYQlw5JfGOM_0,5.546,6.56
LzxYQZiN0m4_530000,0.524,0.883
LzxYQZiN0m4_530000,1.466,1.967
LzxYQZiN0m4_530000,2.431,2.827
LzxYQZiN0m4_530000,3.343,3.74
LzxYQZiN0m4_530000,4.278,4.697
LzxYQZiN0m4_530000,5.153,5.639
LzxYQZiN0m4_530000,6.208,6.627
B30DxKc3vVQ_30000,8.33,9.53
irQsMzIx6-A_30000,0.416,1.544
f_jkT4LU0sM_10000,1.003,1.612
f_jkT4LU0sM_10000,6.086,6.791
_gcgRwq1AJ8_30000,0.008,5.155
_gcgRwq1AJ8_30000,5.472,6.613
ebmIrbcirDY_60000,0.189,2.85
h8KIbHK_5Og_10000,0.0,0.724
h8KIbHK_5Og_10000,1.055,1.953
h8KIbHK_5Og_10000,2.52,3.402
h8KIbHK_5Og_10000,3.78,5.087
h8KIbHK_5Og_10000,6.047,6.724
h8KIbHK_5Og_10000,7.134,9.441
4jsDNVxX3V4_22000,0.332,1.077
4jsDNVxX3V4_22000,2.62,3.351
ZB3INlpwEqU_20000,0.402,0.856
ZB3INlpwEqU_20000,2.684,3.516
ZB3INlpwEqU_20000,4.004,4.581
jhxMyKQLd1I_0,0.265,4.874
nTOC9zOZWmc_0,0.097,0.918
nTOC9zOZWmc_0,1.885,2.136
nTOC9zOZWmc_0,2.275,2.868
nTOC9zOZWmc_0,8.034,8.262
p_cCf3qT6nI_10000,3.931,7.447
qX72dpjX82I_370000,5.167,7.628
5pSNSST-CSA_220000,0.0,0.882
iWV8_WJKM4s_120000,2.05,4.027
iWV8_WJKM4s_120000,4.721,6.225
iWV8_WJKM4s_120000,7.624,10.0
MTvvOlmCueI_0,9.425,10.0
ZDLXbmoqIxM_210000,0.218,1.004
ZDLXbmoqIxM_210000,1.078,2.629
ZDLXbmoqIxM_210000,5.247,6.5
ZDLXbmoqIxM_210000,6.569,8.8
YdyLZiu68ng_0,0.67,2.303
YdyLZiu68ng_0,3.439,3.868
YdyLZiu68ng_0,4.733,6.584
YdyLZiu68ng_0,7.758,8.886
3up6BNQ9-to_240000,3.0,5.708
3up6BNQ9-to_240000,7.049,7.746
3up6BNQ9-to_240000,8.121,9.086
5NUlkcXv1qc_270000,0.107,1.076
5NUlkcXv1qc_270000,2.354,2.684
5NUlkcXv1qc_270000,3.289,3.681
5NUlkcXv1qc_270000,8.705,9.701
nmjkinK7VHU_20000,2.109,3.464
nmjkinK7VHU_20000,4.609,5.922
nmjkinK7VHU_20000,6.397,7.933
nmjkinK7VHU_20000,9.874,10.0
CbjwG807kC8_10000,3.426,6.23
CbjwG807kC8_10000,9.179,10.0
gSPpNX4f0BI_50000,0.0,2.868
gSPpNX4f0BI_50000,8.028,8.809
gSPpNX4f0BI_50000,9.117,10.0
VPj9EyvE7QU_0,9.121,9.826
gau2SaQKcQs_0,5.364,6.952
jyG70KkfcPs_60000,1.732,3.904
jyG70KkfcPs_60000,4.16,10.0
l2OobZci7_E_120000,0.0,1.524
l2OobZci7_E_120000,1.677,5.775
l2OobZci7_E_120000,7.298,10.0
1eth9IPkiJM_310000,0.0,0.492
1eth9IPkiJM_310000,0.868,2.695
1eth9IPkiJM_310000,5.587,6.217
1eth9IPkiJM_310000,6.374,6.981
1eth9IPkiJM_310000,7.23,7.964
1eth9IPkiJM_310000,8.126,8.872
yBw2aMqG73U_320000,0.299,1.529
yBw2aMqG73U_320000,2.815,3.942
yBw2aMqG73U_320000,4.691,5.99
yBw2aMqG73U_320000,7.014,8.808
t0OkxhwVzwI_70000,0.396,1.662
t0OkxhwVzwI_70000,2.087,3.179
t0OkxhwVzwI_70000,3.382,4.599
t0OkxhwVzwI_70000,5.662,7.333
t0OkxhwVzwI_70000,7.865,9.42
WFn1-X9Suho_30000,0.0,10.0
G6vd3CNGKF4_110000,2.918,3.623
G6vd3CNGKF4_110000,3.758,4.686
G6vd3CNGKF4_110000,5.082,6.87
w6YKQzPS2GE_200000,2.567,5.465
eAxKzODSDB0_240000,1.558,3.1
eAxKzODSDB0_240000,3.8,4.597
eAxKzODSDB0_240000,7.073,8.217
PLyd6x-vPUA_40000,0.0,0.897
PLyd6x-vPUA_40000,1.034,3.784
PLyd6x-vPUA_40000,4.01,5.021
PLyd6x-vPUA_40000,5.268,5.591
PLyd6x-vPUA_40000,5.763,8.498
Hga0ONzdH_A_310000,0.0,2.491
Hga0ONzdH_A_310000,6.697,9.33
sRftuSG1Akw_220000,0.026,1.754
UEuzJoUWryA_80000,5.433,10.0
P4GLlbrPST8_10000,5.156,8.08
hX_sxlzpi3M_20000,0.815,1.364
hX_sxlzpi3M_20000,2.478,2.938
hX_sxlzpi3M_20000,4.21,4.67
hX_sxlzpi3M_20000,5.674,6.148
hX_sxlzpi3M_20000,7.303,7.983
uJiyTluZJ4M_15000,5.518,6.586
0k6Jet1fS7c_21000,0.114,0.234
0k6Jet1fS7c_21000,0.322,0.519
0k6Jet1fS7c_21000,0.602,0.81
0k6Jet1fS7c_21000,0.893,1.76
0k6Jet1fS7c_21000,3.115,3.276
0k6Jet1fS7c_21000,3.588,3.697
0k6Jet1fS7c_21000,3.811,4.59
0k6Jet1fS7c_21000,4.673,5.145
0k6Jet1fS7c_21000,5.322,5.628
0k6Jet1fS7c_21000,5.763,6.002
0k6Jet1fS7c_21000,6.241,6.812
0k6Jet1fS7c_21000,7.139,7.274
0k6Jet1fS7c_21000,7.497,7.772
0k6Jet1fS7c_21000,7.871,8.126
QVw4R37Gorw_130000,0.0,0.642
QVw4R37Gorw_130000,0.964,1.592
QVw4R37Gorw_130000,1.899,5.182
QVw4R37Gorw_130000,5.447,6.257
QVw4R37Gorw_130000,6.439,6.955
QVw4R37Gorw_130000,7.444,8.17
QVw4R37Gorw_130000,8.52,9.427
QVw4R37Gorw_130000,9.86,10.0
UTG6-04IRPo_30000,0.0,4.465
UTG6-04IRPo_30000,8.764,10.0
ZNX-7j3e7Xk_20000,6.599,9.985
4B8ok1OMh6A_270000,0.0,1.287
4B8ok1OMh6A_270000,1.588,2.709
4B8ok1OMh6A_270000,3.454,5.199
4B8ok1OMh6A_270000,5.508,6.336
4B8ok1OMh6A_270000,7.336,8.721
4B8ok1OMh6A_270000,8.954,10.0
9zkVHxGsS5M_90000,6.26,7.26
FAGmm-dNfnw_30000,7.047,10.0
CnuAlRGwONM_30000,1.045,4.132
CnuAlRGwONM_30000,8.519,10.0
S1GCVm0_Z5E_20000,8.534,10.0
M_U4SHZM58A_30000,9.772,9.915
W8CYLyET6U4_150000,4.986,6.211
-SrSQMT6MKY_310000,1.772,2.543
IVc3Bw3CzrQ_0,0.053,1.482
IVc3Bw3CzrQ_0,1.821,3.777
NnczXm0yMtA_90000,4.093,4.952
NnczXm0yMtA_90000,7.804,8.931
NnczXm0yMtA_90000,9.736,10.0
JgqMf7_msjs_580000,9.036,9.783
Je3puTyQuFA_410000,6.477,10.0
SSvx7pLqilw_330000,1.471,4.572
jtepxOOZ94I_30000,0.0,0.867
IvJ1jDOdBR4_110000,5.363,6.952
hI3Lp1D3b28_90000,1.529,2.024
hI3Lp1D3b28_90000,3.289,4.382
hI3Lp1D3b28_90000,5.454,6.526
5sFNXRvMbIg_30000,0.0,10.0
d9nw9gGRaI4_490000,1.639,2.599
d9nw9gGRaI4_490000,7.81,8.617
d9nw9gGRaI4_490000,8.784,10.0
G6RGO21Ea60_30000,6.918,10.0
Gk5r8aHr8MU_500000,0.0,2.852
_jY1_qgzOnA_150000,1.962,4.34
_jY1_qgzOnA_150000,6.443,10.0
CPqwFaM1C1Y_30000,0.0,1.15
CPqwFaM1C1Y_30000,1.575,2.973
CPqwFaM1C1Y_30000,3.567,7.299
UZLcHhioJok_540000,3.98,5.959
1CtHakOLTcw_450000,0.0,4.943
1CtHakOLTcw_450000,8.97,10.0
JdZ3zWi6YQo_120000,1.126,6.715
q1Wz4VECyIs_100000,7.1,8.322
06-g5jz-OGc_20000,0.0,0.236
06-g5jz-OGc_20000,1.008,4.48
06-g5jz-OGc_20000,4.85,5.181
06-g5jz-OGc_20000,5.315,5.882
06-g5jz-OGc_20000,6.024,10.0
EBt6I80U5Qg_30000,8.571,10.0
0E52otrC_JE_450000,3.282,4.217
0E52otrC_JE_450000,7.839,9.22
9Y-iX7bcC_w_70000,7.554,8.971
O6601_P0rAg_410000,0.498,4.222
O6601_P0rAg_410000,4.912,7.576
8mJv5kMydFE_30000,3.796,4.312
8mJv5kMydFE_30000,4.484,4.92
8mJv5kMydFE_30000,5.229,5.866
8mJv5kMydFE_30000,6.089,6.808
8mJv5kMydFE_30000,6.952,7.144
A-C2mOXYmhU_130000,1.717,1.929
A-C2mOXYmhU_130000,2.276,2.551
A-C2mOXYmhU_130000,2.724,3.079
A-C2mOXYmhU_130000,3.362,3.622
A-C2mOXYmhU_130000,3.85,4.15
A-C2mOXYmhU_130000,4.346,4.567
A-C2mOXYmhU_130000,4.819,5.055
A-C2mOXYmhU_130000,5.244,5.504
A-C2mOXYmhU_130000,5.732,5.992
A-C2mOXYmhU_130000,6.11,6.331
A-C2mOXYmhU_130000,6.512,6.74
A-C2mOXYmhU_130000,6.874,7.142
A-C2mOXYmhU_130000,7.339,7.567
A-C2mOXYmhU_130000,7.732,7.945
A-C2mOXYmhU_130000,8.047,8.142
A-C2mOXYmhU_130000,8.26,8.362
A-C2mOXYmhU_130000,8.488,8.614
HfcLgQFS7YE_7000,0.0,0.83
HfcLgQFS7YE_7000,1.172,5.359
MiEsfQHjD7Q_30000,1.311,8.551
YfB9VOaW2Qk_150000,6.73,9.693
UOJHyV0Fr6k_50000,0.0,2.815
UOJHyV0Fr6k_50000,2.897,4.189
oNptYiNluIA_0,0.0,1.106
oNptYiNluIA_0,3.875,5.312
oNptYiNluIA_0,6.561,8.164
dgennqcm7wY_30000,4.052,5.247
W4wTDd4-dEE_50000,6.206,6.409
W4wTDd4-dEE_50000,6.629,6.929
W4wTDd4-dEE_50000,7.173,7.604
wHeEtjqGNxU_350000,0.986,2.099
wHeEtjqGNxU_350000,4.184,5.38
wHeEtjqGNxU_350000,8.254,9.308
OqRDImr1wj4_30000,1.175,2.792
ZEOo3KDW5TQ_30000,0.0,10.0
58TZGR3k9Dc_510000,0.463,1.809
58TZGR3k9Dc_510000,3.348,3.636
c5U5rt-TuZA_360000,0.0,3.311
zH1HMCVzl3E_0,0.056,1.828
U4lUgAzttEM_0,2.904,6.185
U4lUgAzttEM_0,8.345,10.0
mtWVC53MATI_0,4.673,6.072
mtWVC53MATI_0,7.156,7.833
mtWVC53MATI_0,8.232,8.992
mtWVC53MATI_0,9.285,10.0
bHev2JyuMWA_30000,4.411,10.0
DAvTcB127pA_0,7.493,8.575
A6B9We1cJhc_310000,0.696,1.488
A6B9We1cJhc_310000,2.502,4.502
m7Ep-qb38-g_250000,0.0,1.937
m7Ep-qb38-g_250000,2.63,5.63
m7Ep-qb38-g_250000,6.748,9.087
9gucxby2DOY_250000,0.0,3.506
9gucxby2DOY_250000,3.657,3.838
9gucxby2DOY_250000,3.928,4.379
hrUZKtZv3DU_320000,3.198,4.385
5NdGjCUrDW8_0,0.138,0.967
CYr8DDh_vKU_320000,3.025,5.561
7OqQbF5S16g_250000,2.145,7.971
7OqQbF5S16g_250000,9.333,10.0
4arXQJKg_E8_20000,7.933,9.469
Eh-NCy8WBcM_270000,4.806,6.26
Eh-NCy8WBcM_270000,9.778,10.0
Ie0fXj670E4_40000,3.84,6.041
Ie0fXj670E4_40000,6.585,8.608
5QZRXCHj5qg_550000,0.0,0.931
k5v4uHzzWMg_50000,0.0,3.406
fzgSoltZvvg_22000,3.965,8.423
JHCmkLO5Do8_140000,0.0,8.044
eZ-c970oqXg_390000,6.272,8.37
W8125pxkTxQ_30000,6.894,7.804
W8125pxkTxQ_30000,8.941,10.0
DmK7d-t19CQ_24000,0.461,1.521
BcGul_lTqzU_30000,3.604,4.342
BcGul_lTqzU_30000,4.921,5.711
BcGul_lTqzU_30000,7.366,9.097
J8O6NH8h0AE_30000,8.668,10.0
9TQYN_LLm6s_280000,3.957,8.736
rnXN6zz7CQM_230000,0.419,4.344
t6KG64uBMhI_490000,5.244,6.092
t6KG64uBMhI_490000,7.076,9.31
dFsnLsid-do_440000,0.0,1.22
dFsnLsid-do_440000,3.416,6.749
dFsnLsid-do_440000,8.533,10.0
h78olGuT2ZE_30000,5.561,6.84
tOm2TZdUmxM_220000,2.498,2.664
tOm2TZdUmxM_220000,2.897,3.123
tOm2TZdUmxM_220000,3.416,3.552
tOm2TZdUmxM_220000,3.83,4.582
tOm2TZdUmxM_220000,5.094,5.809
tOm2TZdUmxM_220000,8.442,8.653
tOm2TZdUmxM_220000,8.886,9.225
tOm2TZdUmxM_220000,9.624,10.0
WquKqszPxyk_30000,2.443,3.722
WquKqszPxyk_30000,3.969,4.691
WquKqszPxyk_30000,8.272,9.289
h6LgqwfVsRc_20000,2.725,3.529
h6LgqwfVsRc_20000,4.148,4.526
lYdGtvyD6D4_0,0.0,0.379
lYdGtvyD6D4_0,0.508,1.188
lYdGtvyD6D4_0,4.436,7.653
I-Yd1vfbIPM_220000,2.125,3.214
I-Yd1vfbIPM_220000,3.828,4.904
I-Yd1vfbIPM_220000,5.621,6.799
00wo3ZuR2jY_300000,1.803,3.283
00wo3ZuR2jY_300000,4.071,4.913
00wo3ZuR2jY_300000,5.945,6.433
00wo3ZuR2jY_300000,8.331,9.047
4pzWIL1AB8U_170000,6.411,8.296
4pzWIL1AB8U_170000,8.841,10.0
ffmBqL6nZ7A_220000,6.196,10.0
wmGOk0oJHOk_30000,6.9,10.0
tI_TCiFSTjU_0,0.838,5.126
Ea6zkiM_IvI_320000,0.534,1.686
dSOgzFDjtBY_60000,3.318,10.0
jqXvg9ZsM50_300000,0.672,1.07
jqXvg9ZsM50_300000,2.524,4.944
jqXvg9ZsM50_300000,6.691,7.966
jqXvg9ZsM50_300000,8.519,9.258
vO1KPdQo3tw_30000,0.815,3.132
vO1KPdQo3tw_30000,5.774,8.103
0nckU7UhK_Y_3000,1.256,6.516
mBfA95XMb_Q_380000,0.189,3.701
tCCH_cTBc5I_40000,0.433,0.601
tCCH_cTBc5I_40000,0.936,1.941
tCCH_cTBc5I_40000,2.751,4.567
3DfRg-9tRN8_70000,3.184,5.726
xox5H-BlSrI_10000,0.233,0.707
xox5H-BlSrI_10000,1.181,1.497
xox5H-BlSrI_10000,2.626,3.085
xox5H-BlSrI_10000,3.815,4.266
xox5H-BlSrI_10000,5.493,5.824
xox5H-BlSrI_10000,7.54,7.803
xox5H-BlSrI_10000,9.255,9.827
mn-Qm-4Z9-Q_100000,4.116,4.703
mn-Qm-4Z9-Q_100000,4.966,6.561
mn-Qm-4Z9-Q_100000,8.616,10.0
I_fJ9kIpylI_10000,6.841,10.0
t0R_i7xmQyU_30000,0.0,3.123
t0R_i7xmQyU_30000,3.318,7.088
t0R_i7xmQyU_30000,8.36,9.413
5n71o6hrnNU_30000,0.57,1.758
m6GA-pQ-TFM_30000,5.643,9.517
p0AvAadDmWs_570000,3.5,5.107
GRG09vt8WbY_0,0.764,2.063
GRG09vt8WbY_0,6.567,8.323
GRG09vt8WbY_0,9.339,10.0
ox0MVipz5FQ_50000,7.942,10.0
kXghlE4c0M8_30000,0.452,0.996
kXghlE4c0M8_30000,1.451,2.207
kXghlE4c0M8_30000,2.735,4.449
3HS62RqcXZ0_30000,0.0,10.0
BsynOpBYiA0_2000,2.679,5.155
ejwuAN3tF8E_30000,4.296,10.0
_IjDKdlQH18_110000,0.98,3.364
_IjDKdlQH18_110000,3.529,4.684
_IjDKdlQH18_110000,7.308,9.64
_IjDKdlQH18_110000,9.77,10.0
uXAZ18gFWkY_30000,1.052,2.342
uXAZ18gFWkY_30000,4.352,6.239
-OXsmAit7lM_30000,2.093,2.34
-OXsmAit7lM_30000,2.457,5.598
-OXsmAit7lM_30000,6.622,9.681
4cpEv-3epJI_0,2.748,4.924
pn-JLJ-NMbQ_400000,0.485,0.849
pn-JLJ-NMbQ_400000,2.134,5.124
pn-JLJ-NMbQ_400000,9.076,10.0
-LzsgrGPV6o_30000,0.473,1.15
-LzsgrGPV6o_30000,1.565,2.145
-LzsgrGPV6o_30000,3.101,4.126
-LzsgrGPV6o_30000,4.705,5.42
-LzsgrGPV6o_30000,6.145,6.85
-LzsgrGPV6o_30000,7.101,7.488
-LzsgrGPV6o_30000,7.894,8.57
-LzsgrGPV6o_30000,9.024,10.0
PPQbFO3lG5A_0,3.499,4.181
PPQbFO3lG5A_0,4.36,4.928
PPQbFO3lG5A_0,5.123,5.781
BIcz7RrZnwg_510000,0.0,1.516
BIcz7RrZnwg_510000,5.546,7.853
naXrmjZaJMs_260000,0.0,1.047
naXrmjZaJMs_260000,1.22,1.543
naXrmjZaJMs_260000,2.409,4.709
naXrmjZaJMs_260000,5.205,5.827
naXrmjZaJMs_260000,6.142,8.457
naXrmjZaJMs_260000,8.622,10.0
3l_XHuDn05k_30000,3.379,8.567
f60shKKRYIc_560000,0.564,3.619
f60shKKRYIc_560000,5.38,6.877
lYP-Xc9mYCA_450000,2.189,3.732
w-No25Jr3BI_30000,3.115,4.092
In916cy0w5w_0,3.771,6.466
In916cy0w5w_0,7.151,8.631
vBEX_AisRFc_170000,8.367,10.0
K_7BRAiNFSI_410000,0.0,0.978
K_7BRAiNFSI_410000,1.595,1.964
K_7BRAiNFSI_410000,9.075,10.0
cHIhBs-Juak_30000,2.182,3.24
LqEUnJKbG30_0,0.375,2.519
LqEUnJKbG30_0,3.0,4.601
1QdKqefgcaM_30000,2.093,2.629
1QdKqefgcaM_30000,3.165,4.395
1QdKqefgcaM_30000,5.55,6.519
1QdKqefgcaM_30000,7.062,7.509
1QdKqefgcaM_30000,8.072,8.299
1QdKqefgcaM_30000,8.952,9.282
1QdKqefgcaM_30000,9.474,10.0
OCLJA9Qjg60_40000,0.96,1.408
OCLJA9Qjg60_40000,1.716,2.049
OCLJA9Qjg60_40000,2.625,4.161
OCLJA9Qjg60_40000,5.224,5.954
OCLJA9Qjg60_40000,6.773,8.451
dBEnG_sMVMQ_30000,0.918,2.686
dBEnG_sMVMQ_30000,3.469,5.117
dBEnG_sMVMQ_30000,8.879,10.0
WSBzJFXIHds_490000,3.433,4.693
WSBzJFXIHds_490000,4.835,5.48
WSBzJFXIHds_490000,5.795,6.898
WSBzJFXIHds_490000,7.543,8.874
WSBzJFXIHds_490000,9.024,10.0
dXcaeiFexpA_560000,7.358,10.0
